Line,Model,Part No,SAP No,Planned Output,Updated At
ASSEMBLY,42tc,TC-4210TSR,40013722,60,
ASSEMBLY,42tc,TC-4210TBLK,40013812,60,
ASSEMBLY,42tc,TC-4210TGRY,40013814,60,
ASSEMBLY,42tc,TC-4210TBLU,40013816,60,
Paint,42tc,P002912,30023171,60,
Paint,42tc,U000461,30023205,60,
Paint,42tc,U000462,30023208,60,
Paint,42tc,U000463,30023210,60,
Paint,42tc,U000464,30023212,60,
Paint,42tc,U000465,30023214,60,
Paint,42tc,U000466,30023216,60,
Paint,42tc,U000467,30023218,60,
Paint,42tc,U000468,30023220,60,
Paint,42tc,U000469,30023222,60,
spot,42tc,U000461,30023206,60,
spot,42tc,U000461,30023207,60,
spot,42tc,U000470,30023224,60,
spot,42tc,U000471,30023225,60,
spot,42tc,U000472,30023226,60,
spot,42tc,U000472,30023227,60,
spot,42tc,U000473,30023228,60,
spot,42tc,U000474,30023229,60,
spot,42tc,U000475,30023230,60,
spot,42tc,U000475,30023231,60,
spot,42tc,P002626,30023148,60,
spot,42tc,U000462,30023209,60,
spot,42tc,U000463,30023211,60,
spot,42tc,U000464,30023213,60,
spot,42tc,U000465,30023215,60,
spot,42tc,U000466,30023217,60,
spot,42tc,U000467,30023219,60,
spot,42tc,U000468,30023221,60,
spot,42tc,U000469,30023223,60,
Bend,42tc,P002745,30023039,60,
Bend,42tc,P002622,30023050,60,
Bend,42tc,P002626,30023051,60,
Bend,42tc,P002751,30023080,60,
Bend,42tc,P002886,30023099,60,
Bend,42tc,P002920,30023110,60,
Bend,42tc,P002922,30023112,60,
Bend,42tc,P002927,30023114,60,
Bend,42tc,P002928,30023116,60,
Bend,42tc,P002930,30023118,60,
Bend,42tc,P002931,30023120,60,
Bend,42tc,P002624,30023146,60,
Bend,42tc,P002625,30023147,60,
Bend,42tc,P002632,30023149,60,
Bend,42tc,P002634,30023151,60,
Bend,42tc,P002636,30023153,60,
Bend,42tc,P002898,30023157,60,
Bend,42tc,P002900,30023158,60,
Bend,42tc,P002902,30023160,60,
Bend,42tc,P002903,30023161,60,
Bend,42tc,P002905,30023163,60,
Bend,42tc,P002907,30023164,60,
Bend,42tc,P002909,30023166,60,
Bend,42tc,P002911,30023168,60,
Bend,42tc,P002912,30023170,60,
Bend,42tc,P002913,30023172,60,
Bend,42tc,P002914,30023173,60,
Bend,42tc,P002915,30023175,60,
Bend,42tc,P002916,30023177,60,
Bend,42tc,P002918,30023178,60,
Bend,42tc,P002919,30023180,60,
Bend,42tc,P002921,30023181,60,
Bend,42tc,P002923,30023182,60,
Bend,42tc,P002924,30023183,60,
Bend,42tc,P002925,30023185,60,
Bend,42tc,P002926,30023187,60,
Bend,42tc,P002929,30023189,60,
Bend,42tc,P002932,30023191,60,
Bend,42tc,P002933,30023192,60,
Bend,42tc,P002934,30023194,60,
Bend,42tc,P003222,30023197,60,
Bend,42tc,P003223,30023199,60,
Bend,42tc,P003224,30023201,60,
Bend,42tc,P003301,30023203,60,
Bend,42tc,P003217,30023196,60,
Press,42tc,P002903,30023162,60,
Press,42tc,P002907,30023165,60,
Press,42tc,P002909,30023167,60,
Press,42tc,P002911,30023169,60,
Press,42tc,P002914,30023174,60,
Press,42tc,P002924,30023184,60,
Press,42tc,P002927,30023188,60,
Press,42tc,P002933,30023193,60,
Press,42tc,P003301,30023204,60,
Press,42tc,P002745,30023040,60,
Press,42tc,P002626,30023052,60,
Press,42tc,P002751,30023081,60,
Press,42tc,P002920,30023111,60,
Press,42tc,P002922,30023113,60,
Press,42tc,P002928,30023117,60,
Press,42tc,P002930,30023119,60,
Press,42tc,P002931,30023121,60,
Press,42tc,P002915,30023176,60,
Press,42tc,P002918,30023179,60,
Press,42tc,P002925,30023186,60,
Press,42tc,P002934,30023195,60,
Press,42tc,P003217,30023196,60,
Press,42tc,P002632,30023318,60,
Press,42tc,P002886,30023100,60,
Press,42tc,P002622,30023145,60,
Press,42tc,P002634,30023152,60,
Press,42tc,P002636,30023154,60,
Press,42tc,P002901,30023159,60,
Press,42tc,P003222,30023198,60,
Press,42tc,P003223,30023200,60,
Press,42tc,P003224,30023202,60,
Press,42tc,P002624,30023311,60,
ASSEMBLY,42ch,CH-4208HGR,40013721,60,
ASSEMBLY,42ch,CH-4208HGBLK,40013811,60,
ASSEMBLY,42ch,CH-4208HGGRY,40013813,60,
ASSEMBLY,42ch,CH-4208HGBLU,40013815,60,
Paint,42ch,U000456,30023125,60,
Paint,42ch,U000455,30023122,60,
Paint,42ch,U000457,30023127,60,
Paint,42ch,U000458,30023129,60,
Paint,42ch,U000459,30023131,60,
Paint,42ch,U000460,30023133,60,
Paint,42ch,P002887,30023101,60,
spot,42ch,U000455,30023124,60,
spot,42ch,U000455,30023123,60,
spot,42ch,P002885,30023098,60,
spot,42ch,U000456,30023126,60,
spot,42ch,P002589,30023077,60,
spot,42ch,P002590,30023079,60,
spot,42ch,U000478,30023138,60,
spot,42ch,U000479,30023139,60,
spot,42ch,U000479,30023140,60,
spot,42ch,U000480,30023141,60,
spot,42ch,U000476,30023135,60,
spot,42ch,U000477,30023136,60,
spot,42ch,U000477,30023137,60,
spot,42ch,U000481,30023142,60,
spot,42ch,U000481,30023143,60,
spot,42ch,U000482,30023144,60,
spot,42ch,U000457,30023128,60,
spot,42ch,U000458,30023130,60,
spot,42ch,U000459,30023132,60,
spot,42ch,U000460,30023134,60,
Bend,42ch,P002885,30023097,60,
Bend,42ch,P002886,30023099,60,
Bend,42ch,P002876,30023083,60,
Bend,42ch,P002572,30023072,60,
Bend,42ch,P002574,30023073,60,
Bend,42ch,P002877,30023084,60,
Bend,42ch,P002878,30023085,60,
Bend,42ch,P002874,30023082,60,
Bend,42ch,P002563,30023066,60,
Bend,42ch,P002879,30023086,60,
Bend,42ch,P002578,30023032,60,
Bend,42ch,P002881,30023090,60,
Bend,42ch,P002882,30023092,60,
Bend,42ch,P002883,30023094,60,
Bend,42ch,P002582,30023074,60,
Bend,42ch,P002880,30023088,60,
Bend,42ch,P002884,30023096,60,
Bend,42ch,P002745,30023039,60,
Bend,42ch,P002920,30023110,60,
Bend,42ch,P002889,30023102,60,
Bend,42ch,P002751,30023080,60,
Bend,42ch,P002922,30023112,60,
Bend,42ch,P002890,30023104,60,
Bend,42ch,P002927,30023114,60,
Bend,42ch,P002928,30023116,60,
Bend,42ch,P002891,30023106,60,
Bend,42ch,P002930,30023118,60,
Bend,42ch,P002931,30023120,60,
Bend,42ch,P002892,30023108,60,
Bend,42ch,P002565,30023068,60,
Bend,42ch,P002567,30023070,60,
Press,42ch,P002565,30023068,60,
Press,42ch,P002567,30023070,60,
Press,42ch,P002886,30023100,60,
Press,42ch,P002563,30023067,60,
Press,42ch,P002578,30023033,60,
Press,42ch,P002582,30023075,60,
Press,42ch,P002880,30023089,60,
Press,42ch,P002589,30023076,60,
Press,42ch,P002590,30023078,60,
Press,42ch,P002566,30023069,60,
Press,42ch,P002879,30023087,60,
Press,42ch,P002568,30023071,60,
Press,42ch,P002881,30023091,60,
Press,42ch,P002882,30023093,60,
Press,42ch,P002883,30023095,60,
Press,42ch,P002745,30023040,60,
Press,42ch,P002920,30023111,60,
Press,42ch,P002889,30023103,60,
Press,42ch,P002751,30023081,60,
Press,42ch,P002922,30023113,60,
Press,42ch,P002890,30023105,60,
Press,42ch,P002927,30023115,60,
Press,42ch,P002928,30023117,60,
Press,42ch,P002891,30023107,60,
Press,42ch,P002930,30023119,60,
Press,42ch,P002931,30023121,60,
Press,42ch,P002892,30023109,60,
Press,42ch,P002564,30023234,60,
ASSEMBLY,27tc,TC-2707,40012178,60,
Paint,27tc,U000433,30022112,60,
Paint,27tc,U000434,30022139,60,
Paint,27tc,U000435,30022147,60,
Paint,27tc,U000436,30022155,60,
spot,27tc,U000433,30022113,60,
spot,27tc,U000433,30022114,60,
spot,27tc,P002732,30022115,60,
spot,27tc,P002626,30023053,60,
spot,27tc,P002951,30023058,60,
spot,27tc,P002952,30023060,60,
spot,27tc,P002953,30023062,60,
spot,27tc,U000434,30022140,60,
spot,27tc,U000435,30022148,60,
spot,27tc,U000436,30022156,60,
Bend,27tc,P002732,30022116,60,
Bend,27tc,P002733,30022119,60,
Bend,27tc,P002734,30022121,60,
Bend,27tc,P002744,30022141,60,
Bend,27tc,P002745,30022143,60,
Bend,27tc,P002746,30022146,60,
Bend,27tc,P002747,30022149,60,
Bend,27tc,P002748,30022151,60,
Bend,27tc,P002749,30022154,60,
Bend,27tc,P002750,30022157,60,
Bend,27tc,P002751,30022159,60,
Bend,27tc,P002752,30022162,60,
Bend,27tc,P002622,30023050,60,
Bend,27tc,P002626,30023051,60,
Bend,27tc,P002801,30023055,60,
Bend,27tc,P002951,30023056,60,
Bend,27tc,P002742,30023054,60,
Bend,27tc,P002952,30023059,60,
Bend,27tc,P002953,30023061,60,
Bend,27tc,P002954,30023063,60,
Bend,27tc,P002955,30023064,60,
Press,27tc,P002732,30022117,60,
Press,27tc,P002733,30022120,60,
Press,27tc,P002801,30022130,60,
Press,27tc,P002622,30023145,60,
Press,27tc,P002744,30022142,60,
Press,27tc,P002745,30022144,60,
Press,27tc,P002747,30022150,60,
Press,27tc,P002748,30022152,60,
Press,27tc,P002750,30022158,60,
Press,27tc,P002751,30022160,60,
Press,27tc,P002626,30023052,60,
Press,27tc,P002742,30023054,60,
Press,27tc,P002951,30023057,60,
Press,27tc,P002952,30023059,60,
Press,27tc,P002953,30023061,60,
Press,27tc,P002954,30023063,60,
Press,27tc,P002955,30023064,60,
ASSEMBLY,26ch,CH-2607HGR,40012177,60,
Paint,26ch,U000429,30022057,60,
Paint,26ch,U000430,30022061,60,
Paint,26ch,U000431,30022093,60,
Paint,26ch,U000432,30022101,60,
Paint,26ch,P002710,30023034,60,
Paint,26ch,P002711,30023035,60,
spot,26ch,U000429,30022058,60,
spot,26ch,U000429,30022059,60,
spot,26ch,U000430,30022062,60,
spot,26ch,P002700,30022073,60,
spot,26ch,P002702,30022077,60,
spot,26ch,P002703,30022083,60,
spot,26ch,P002701,30022088,60,
spot,26ch,P002812,30022111,60,
spot,26ch,P002697,30022067,60,
spot,26ch,U000445,30023044,60,
spot,26ch,U000446,30023047,60,
spot,26ch,U000431,30022094,60,
spot,26ch,U000432,30022102,60,
650,26ch,P002695,30022064,60,
650,26ch,P002700,30022074,60,
650,26ch,P002708,30022075,60,
650,26ch,P002709,30022076,60,
650,26ch,P002702,30022078,60,
650,26ch,P002703,30022084,60,
650,26ch,P002701,30022089,60,
650,26ch,P002706,30022091,60,
650,26ch,P002707,30022092,60,
650,26ch,P002712,30022095,60,
650,26ch,P002713,30022097,60,
650,26ch,P002714,30022100,60,
650,26ch,P002717,30022108,60,
650,26ch,P002578,30023032,60,
650,26ch,P002744,30023037,60,
650,26ch,P002745,30023039,60,
650,26ch,P002947,30023042,60,
650,26ch,P002948,30023045,60,
Press,26ch,P002578,30023033,60,
Press,26ch,P002695,30022063,60,
Press,26ch,P002696,30022066,60,
Press,26ch,P002697,30022068,60,
Press,26ch,P002702,30022079,60,
Press,26ch,P002703,30022085,60,
Press,26ch,P002701,30022090,60,
Press,26ch,P002712,30022096,60,
Press,26ch,P002713,30022098,60,
Press,26ch,P002714,30022099,60,
Press,26ch,P002717,30022107,60,
Press,26ch,P002744,30023038,60,
Press,26ch,P002745,30023040,60,
Press,26ch,P002812,30023041,60,
Press,26ch,P002947,30023043,60,
Press,26ch,P002948,30023046,60,
Press,26ch,P002949,30023048,60,
Press,26ch,P002950,30023049,60,
Assembly,w20,FG,40013232,60,
Paint,w20,U000354,30022422,60,
Paint,w20,U000244,30022581,60,
Paint,w20,P000194,30022451,60,
Paint,w20,U000355,30022452,60,
Paint,w20,U000356,30022459,60,
Paint,w20,U000359,30022466,60,
Paint,w20,U000357,30022470,60,
Paint,w20,U000250,30022492,60,
Paint,w20,U000248,30022496,60,
Paint,w20,U000249,30022502,60,
Paint,w20,U000451,30022508,60,
Paint,w20,U000229,30022655,60,
Spot,w20,U000354,30022423,60,
Spot,w20,U000357,30022471,60,
Spot,w20,U000354,30022424,60,
Spot,w20,P002350,30022426,60,
Spot,w20,P002350,30022425,60,
Spot,w20,U000244,30022445,60,
Spot,w20,U000355,30022453,60,
Spot,w20,U000356,30022460,60,
Spot,w20,U000359,30022467,60,
Spot,w20,U000357,30022472,60,
Spot,w20,U000357,30022473,60,
Spot,w20,U000357,30022474,60,
Spot,w20,P002359,30022475,60,
Spot,w20,P002360,30022479,60,
Spot,w20,P002824,30022487,60,
Spot,w20,P002358,30022483,60,
Spot,w20,U000250,30022493,60,
Spot,w20,U000248,30022497,60,
Spot,w20,U000249,30022503,60,
Spot,w20,U000451,30022509,60,
Bend,w20,P002350,30022428,60,
Bend,w20,P002353,30022443,60,
Bend,w20,P000187,30022447,60,
Bend,w20,P002354,30022454,60,
Bend,w20,P002356,30022461,60,
Bend,w20,P002359,30022476,60,
Bend,w20,P002360,30022480,60,
Bend,w20,P002361,30022482,60,
Bend,w20,P002826,30022490,60,
Bend,w20,P002358,30022484,60,
Bend,w20,P002819,30022486,60,
Bend,w20,P002821,30022494,60,
Bend,w20,P000209,30022498,60,
Bend,w20,P000210,30022504,60,
Bend,w20,P002828,30022510,60,
Bend,w20,P002357,30022464,60,
Bend,w20,P002355,30022457,60,
Bend,w20,P002362,30022513,60,
Press,w20,P000183,30022429,60,
Press,w20,P002351,30022440,60,
Press,w20,P002352,30022441,60,
Press,w20,P002817,30022448,60,
Press,w20,P002818,30022449,60,
Press,w20,P000190,30022450,60,
Press,w20,P002820,30022478,60,
Press,w20,P002827,30022489,60,
Press,w20,P000522,30022500,60,
Press,w20,P000523,30022501,60,
Press,w20,P002350,30022427,60,
Press,w20,P000186,30022430,60,
Press,w20,P002353,30022442,60,
Press,w20,P002816,30022444,60,
Press,w20,P000187,30022446,60,
Press,w20,P002822,30022477,60,
Press,w20,P002823,30022481,60,
Press,w20,P002824,30022488,60,
Press,w20,P002358,30022485,60,
Press,w20,P002825,30022491,60,
Press,w20,P002821,30022495,60,
Press,w20,P000209,30022499,60,
Press,w20,P000210,30022505,60,
Press,w20,P002354,30022455,60,
Press,w20,P000196,30022456,60,
Press,w20,P002355,30022458,60,
Press,w20,P002828,30022511,60,
Press,w20,P000212,30022512,60,
Press,w20,P002356,30022462,60,
Press,w20,P000198,30022463,60,
Press,w20,P002357,30022465,60,
Press,w20,P002365,30022468,60,
Press,w20,P002362,30022514,60,
Assembly,56tc,TC-5608TSR,40013724,60,
Assembly,56tc,TC-5608TSBLK,40013818,60,
Assembly,56tc,TC-5608TSGRY,40013820,60,
Assembly,56tc,TC-5608TSBLU,40013822,60,
Paint,56tc,P002638,30023326,60,
Paint,56tc,P002808,30023350,60,
Paint,56tc,U000411,30023351,60,
Paint,56tc,U000412,30023354,60,
Paint,56tc,U000413,30023356,60,
Paint,56tc,U000414,30023358,60,
Paint,56tc,U000415,30023360,60,
Paint,56tc,U000416,30023362,60,
Paint,56tc,U000417,30023364,60,
Paint,56tc,U000418,30023366,60,
Spot,56tc,U000411,30023353,60,
Spot,56tc,U000411,30023352,60,
Spot,56tc,U000420,30023368,60,
Spot,56tc,U000421,30023369,60,
Spot,56tc,U000422,30023370,60,
Spot,56tc,U000423,30023371,60,
Spot,56tc,U000424,30023372,60,
Spot,56tc,U000425,30023373,60,
Spot,56tc,U000426,30023374,60,
Spot,56tc,U000412,30023355,60,
Spot,56tc,U000413,30023357,60,
Spot,56tc,U000414,30023359,60,
Spot,56tc,U000415,30023361,60,
Spot,56tc,U000416,30023363,60,
Spot,56tc,U000417,30023365,60,
Spot,56tc,U000418,30023367,60,
Bend,56tc,P002622,30023050,60,
Bend,56tc,P002624,30023146,60,
Bend,56tc,P002625,30023147,60,
Bend,56tc,P002632,30023149,60,
Bend,56tc,P002634,30023151,60,
Bend,56tc,P002636,30023153,60,
Bend,56tc,P003222,30023197,60,
Bend,56tc,P003223,30023199,60,
Bend,56tc,P003224,30023201,60,
Bend,56tc,P002583,30023248,60,
Bend,56tc,P002592,30023255,60,
Bend,56tc,P002593,30023257,60,
Bend,56tc,P002595,30023261,60,
Bend,56tc,P002596,30023263,60,
Bend,56tc,P002601,30023273,60,
Bend,56tc,P002617,30023305,60,
Bend,56tc,P002618,30023306,60,
Bend,56tc,P002619,30023308,60,
Bend,56tc,P002620,30023309,60,
Bend,56tc,P002627,30023312,60,
Bend,56tc,P002628,30023313,60,
Bend,56tc,P002629,30023315,60,
Bend,56tc,P002631,30023317,60,
Bend,56tc,P002633,30023319,60,
Bend,56tc,P002635,30023321,60,
Bend,56tc,P002637,30023323,60,
Bend,56tc,P002638,30023325,60,
Bend,56tc,P002639,30023327,60,
Bend,56tc,P002640,30023328,60,
Bend,56tc,P002641,30023329,60,
Bend,56tc,P002642,30023331,60,
Bend,56tc,P002643,30023332,60,
Bend,56tc,P002644,30023333,60,
Bend,56tc,P002645,30023335,60,
Bend,56tc,P002646,30023336,60,
Bend,56tc,P002649,30023337,60,
Bend,56tc,P002652,30023338,60,
Bend,56tc,P002653,30023339,60,
Bend,56tc,P002654,30023340,60,
Bend,56tc,P002655,30023342,60,
Bend,56tc,P002657,30023343,60,
Bend,56tc,P002658,30023345,60,
Bend,56tc,P002659,30023346,60,
Bend,56tc,P002660,30023347,60,
Bend,56tc,P002808,30023349,60,
Press,56tc,P002622,30023145,60,
Press,56tc,P002634,30023152,60,
Press,56tc,P002636,30023154,60,
Press,56tc,P003222,30023198,60,
Press,56tc,P003223,30023200,60,
Press,56tc,P003224,30023202,60,
Press,56tc,P002628,30023314,60,
Press,56tc,P002618,30023307,60,
Press,56tc,P002624,30023311,60,
Press,56tc,P002629,30023316,60,
Press,56tc,P002626,30023052,60,
Press,56tc,P002592,30023256,60,
Press,56tc,P002593,30023258,60,
Press,56tc,P002595,30023262,60,
Press,56tc,P002596,30023264,60,
Press,56tc,P002601,30023274,60,
Press,56tc,P002623,30023310,60,
Press,56tc,P002632,30023318,60,
Press,56tc,P002633,30023320,60,
Press,56tc,P002635,30023322,60,
Press,56tc,P002637,30023324,60,
Press,56tc,P002641,30023330,60,
Press,56tc,P002644,30023334,60,
Press,56tc,P002654,30023341,60,
Press,56tc,P002657,30023344,60,
Press,56tc,P002660,30023348,60,
Press,56tc,P002653,30xxx,60,
Press,56tc,P002659,30xxx,60,
Assembly,56ch,CH-5608HGR,40013723,60,
Assembly,56ch,CH-5608HGR,40013817,60,
Assembly,56ch,CH-5608HGR,40013819,60,
Assembly,56ch,CH-5608HGR,40013821,60,
Paint,56ch,U000397,30023291,60,
Paint,56ch,U000396,30023289,60,
Paint,56ch,U000395,30023287,60,
Paint,56ch,U000394,30023285,60,
Paint,56ch,U000393,30023282,60,
Paint,56ch,U000392,30023279,60,
Paint,56ch,P002584,30023251,60,
Paint,56ch,U000397,30023621,60,
Paint,56ch,U000396,30023620,60,
Paint,56ch,U000395,30023619,60,
Paint,56ch,U000394,30023618,60,
Paint,56ch,U000393,30023615,60,
Paint,56ch,U000392,30023616,60,
Paint,56ch,P002584,30023617,60,
Paint,56ch,U000397,30023635,60,
Paint,56ch,U000396,30023634,60,
Paint,56ch,U000395,30023633,60,
Paint,56ch,U000394,30023632,60,
Paint,56ch,U000393,30023629,60,
Paint,56ch,U000392,30023630,60,
Paint,56ch,P002584,30023631,60,
Paint,56ch,U000397,30023628,60,
Paint,56ch,U000396,30023627,60,
Paint,56ch,U000395,30023626,60,
Paint,56ch,U000394,30023625,60,
Paint,56ch,U000393,30023622,60,
Paint,56ch,U000392,30023623,60,
Paint,56ch,P002584,30023624,60,
Spot,56ch,U000392,30023281,60,
Spot,56ch,U000392,30023280,60,
Spot,56ch,U000393,30023284,60,
Spot,56ch,U000393,30023283,60,
Spot,56ch,U000399,30023295,60,
Spot,56ch,U000400,30023297,60,
Spot,56ch,U000399,30023294,60,
Spot,56ch,U000400,30023296,60,
Spot,56ch,U000405,30023302,60,
Spot,56ch,U000406,30023303,60,
Spot,56ch,U000398,30023293,60,
Spot,56ch,U000401,30023298,60,
Spot,56ch,U000402,30023299,60,
Spot,56ch,U000403,30023300,60,
Spot,56ch,U000404,30023301,60,
Spot,56ch,U000407,30023304,60,
Spot,56ch,U000394,30023286,60,
Spot,56ch,U000395,30023288,60,
Spot,56ch,U000396,30023290,60,
Spot,56ch,U000397,30023292,60,
Bend,56ch,P002578,30023032,60,
Bend,56ch,P002563,30023066,60,
Bend,56ch,P002572,30023072,60,
Bend,56ch,P002574,30023073,60,
Bend,56ch,P002582,30023074,60,
Bend,56ch,P002880,30023088,60,
Bend,56ch,P002562,30023233,60,
Bend,56ch,P002569,30023235,60,
Bend,56ch,P002570,30023236,60,
Bend,56ch,P002575,30023238,60,
Bend,56ch,P002576,30023239,60,
Bend,56ch,P002577,30023240,60,
Bend,56ch,P002579,30023242,60,
Bend,56ch,P002580,30023244,60,
Bend,56ch,P002581,30023246,60,
Bend,56ch,P002583,30023248,60,
Bend,56ch,P002584,30023250,60,
Bend,56ch,P002586,30023252,60,
Bend,56ch,P002592,30023255,60,
Bend,56ch,P002593,30023257,60,
Bend,56ch,P002594,30023259,60,
Bend,56ch,P002595,30023261,60,
Bend,56ch,P002596,30023263,60,
Bend,56ch,P002597,30023265,60,
Bend,56ch,P002598,30023267,60,
Bend,56ch,P002599,30023269,60,
Bend,56ch,P002600,30023271,60,
Bend,56ch,P002601,30023273,60,
Bend,56ch,P002602,30023275,60,
Bend,56ch,P002603,30023277,60,
Press,56ch,P002578,30023033,60,
Press,56ch,P002563,30023067,60,
Press,56ch,P002582,30023075,60,
Press,56ch,P002880,30023089,60,
Press,56ch,P002570,30023237,60,
Press,56ch,P002587,30023253,60,
Press,56ch,P002565,30023068,60,
Press,56ch,P002567,30023070,60,
Press,56ch,P002564,30023234,60,
Press,56ch,P002566,30023069,60,
Press,56ch,P002568,30023071,60,
Press,56ch,P002589,30023076,60,
Press,56ch,P002590,30023078,60,
Press,56ch,P002577,30023241,60,
Press,56ch,P002579,30023243,60,
Press,56ch,P002580,30023245,60,
Press,56ch,P002581,30023247,60,
Press,56ch,P002587,30023254,60,
Press,56ch,P002592,30023256,60,
Press,56ch,P002593,30023258,60,
Press,56ch,P002594,30023260,60,
Press,56ch,P002595,30023262,60,
Press,56ch,P002596,30023264,60,
Press,56ch,P002597,30023266,60,
Press,56ch,P002598,30023268,60,
Press,56ch,P002599,30023270,60,
Press,56ch,P002600,30023272,60,
Press,56ch,P002601,30023274,60,
Press,56ch,P002602,30023276,60,
Press,56ch,P002603,30023278,60,
